{"device": "None", "mode": "transition", "depth": 36, "gate_spec": [["u1(0.196349540849362)", "u2(0.0,3.5342917352885173)", "u2(0.0,3.9269908169872414)", "u1(6.283185307179586)"], ["cx", "cx"], ["u1(6.283185307179586)", "u3(0.7853981633974485,1.5707963267948966,4.71238898038469)", "u2(0.0,3.141592653589793)", "u2(0.0,3.141592653589793)"], ["cx", "cx"], ["u1(6.283185307179586)", "u3(-0.7853981633974485,1.5707963267948966,4.71238898038469)", "u2(0.0,3.141592653589793)", "u2(0.0,3.141592653589793)"], ["cx", "cx"], ["u1(6.283185307179586)", "u3(0.392699081698724,1.5707963267948966,4.71238898038469)"], ["cx"], ["u2(0.7853981633974485,3.141592653589793)", "u2(0.392699081698724,3.141592653589793)"], ["cx"], ["u2(0.0,3.141592653589793)", "u2(0.0,3.141592653589793)"], ["cx"], ["u2(0.0,3.141592653589793)", "u2(0.0,3.141592653589793)"], ["cx"], ["cx", "cx"], ["u1(-0.7853981633974485)", "u1(-0.196349540849362)"], ["cx", "cx"], ["u2(0.0,3.141592653589793)", "u1(0.7853981633974485)", "u1(0.392699081698724)", "u1(0.196349540849362)"], ["cx"], ["u2(0.0,3.141592653589793)", "u2(0.0,3.141592653589793)"], ["cx"], ["u2(0.0,3.141592653589793)", "u2(0.0,3.141592653589793)"], ["cx"], ["cx"], ["u1(-0.392699081698724)"], ["cx"], ["u1(0.7853981633974485)", "u1(0.392699081698724)"], ["cx", "cx"], ["u2(0.0,3.141592653589793)", "u2(0.0,3.141592653589793)", "u2(0.0,3.141592653589793)", "u2(0.0,3.141592653589793)"], ["cx", "cx"], ["u2(0.0,3.141592653589793)", "u2(0.0,3.141592653589793)", "u2(0.0,3.141592653589793)", "u2(0.0,3.141592653589793)"], ["cx", "cx"], ["cx"], ["u1(-0.7853981633974485)"], ["cx"], ["u2(0.0,3.141592653589793)", "u1(0.7853981633974485)"]], "gate": [[[12], [8], [3], [4]], [[4, 3], [12, 13]], [[3], [4], [12], [13]], [[4, 3], [12, 13]], [[3], [4], [13], [12]], [[4, 8], [12, 13]], [[8], [4]], [[4, 8]], [[8], [4]], [[4, 8]], [[4], [8]], [[4, 8]], [[8], [4]], [[4, 8]], [[4, 3], [13, 8]], [[3], [8]], [[4, 3], [13, 8]], [[4], [3], [13], [8]], [[3, 8]], [[3], [8]], [[3, 8]], [[8], [3]], [[3, 8]], [[13, 8]], [[8]], [[13, 8]], [[13], [8]], [[4, 8], [12, 13]], [[4], [8], [12], [13]], [[4, 8], [12, 13]], [[8], [4], [13], [12]], [[4, 8], [12, 13]], [[12, 8]], [[8]], [[12, 8]], [[12], [8]]], "final_mapping": [4, 3, 8, 12, 13], "initial_mapping": [4, 3, 8, 12, 13]}